{"training_loss": 0.11671378463506699, "validation_loss": 0.23357659578323364, "training_accuracy": 0.9583, "best_epoch_validation_accuracy": 0.914, "best_epoch_validation_loss": 0.23357659578323364}