{"training_loss": 0.09924208372831345, "validation_loss": 0.344774454832077, "training_accuracy": 0.9648, "best_epoch_validation_accuracy": 0.9146666666666666, "best_epoch_validation_loss": 0.22378893196582794}