{"training_loss": 0.4631554186344147, "validation_loss": 0.3417699337005615, "training_accuracy": 0.7725, "best_epoch_validation_accuracy": 0.855, "best_epoch_validation_loss": 0.330646276473999}