{"training_loss": 0.17890307307243347, "validation_loss": 0.335592120885849, "training_accuracy": 0.941, "best_epoch_validation_accuracy": 0.8773333333333333, "best_epoch_validation_loss": 0.2957093119621277}