{"training_loss": 0.13525506854057312, "validation_loss": 0.3855037987232208, "training_accuracy": 0.955, "best_epoch_validation_accuracy": 0.8686666666666667, "best_epoch_validation_loss": 0.31081098318099976}