{"training_loss": 0.4681910276412964, "validation_loss": 0.4987219274044037, "training_accuracy": 0.786, "best_epoch_validation_accuracy": 0.7796666666666666, "best_epoch_validation_loss": 0.49561208486557007}