{"training_loss": 0.3431870937347412, "validation_loss": 0.3355047106742859, "training_accuracy": 0.843, "best_epoch_validation_accuracy": 0.8793333333333333, "best_epoch_validation_loss": 0.29972341656684875}