{"training_loss": 0.5694137215614319, "validation_loss": 0.6199545860290527, "training_accuracy": 0.7132, "best_epoch_validation_accuracy": 0.7636666666666667, "best_epoch_validation_loss": 0.5077061653137207}