{"training_loss": 0.41970130801200867, "validation_loss": 0.4491724967956543, "training_accuracy": 0.8924, "best_epoch_validation_accuracy": 0.8403333333333334, "best_epoch_validation_loss": 0.4491724967956543}