{"training_loss": 0.45472031831741333, "validation_loss": 0.4939117133617401, "training_accuracy": 0.799, "best_epoch_validation_accuracy": 0.7806666666666666, "best_epoch_validation_loss": 0.4906134605407715}