{"training_loss": 0.2566176652908325, "validation_loss": 0.43752118945121765, "training_accuracy": 0.8973, "best_epoch_validation_accuracy": 0.8466666666666667, "best_epoch_validation_loss": 0.3701898157596588}