{"training_loss": 0.4031580686569214, "validation_loss": 0.43624231219291687, "training_accuracy": 0.9184, "best_epoch_validation_accuracy": 0.858, "best_epoch_validation_loss": 0.43624231219291687}