{"training_loss": 0.24761000275611877, "validation_loss": 0.3724421262741089, "training_accuracy": 0.9022, "best_epoch_validation_accuracy": 0.8443333333333334, "best_epoch_validation_loss": 0.3634376525878906}