{"training_loss": 0.46694767475128174, "validation_loss": 0.496099591255188, "training_accuracy": 0.79, "best_epoch_validation_accuracy": 0.7806666666666666, "best_epoch_validation_loss": 0.48726800084114075}