{"training_loss": 0.6925780177116394, "validation_loss": 0.6926112771034241, "training_accuracy": 0.52135, "best_epoch_validation_accuracy": 0.508, "best_epoch_validation_loss": 0.6926112771034241}