{"training_loss": 0.6947142481803894, "validation_loss": 0.6949630975723267, "training_accuracy": 0.49756666666666666, "best_epoch_validation_accuracy": 0.4995, "best_epoch_validation_loss": 0.6934318542480469}