{"training_loss": 0.4291355311870575, "validation_loss": 0.4512024223804474, "training_accuracy": 0.89, "best_epoch_validation_accuracy": 0.8416666666666667, "best_epoch_validation_loss": 0.4512024223804474}