{"training_loss": 0.30111244320869446, "validation_loss": 0.36519140005111694, "training_accuracy": 0.9, "best_epoch_validation_accuracy": 0.8403333333333334, "best_epoch_validation_loss": 0.4140237867832184}