{"training_loss": 0.2922743856906891, "validation_loss": 0.360662579536438, "training_accuracy": 0.8984, "best_epoch_validation_accuracy": 0.8433333333333334, "best_epoch_validation_loss": 0.360662579536438}