{"training_loss": 0.4034666121006012, "validation_loss": 0.399558961391449, "training_accuracy": 0.8405333333333334, "best_epoch_validation_accuracy": 0.8339, "best_epoch_validation_loss": 0.399558961391449}