{"training_loss": 0.3774183690547943, "validation_loss": 0.3825479745864868, "training_accuracy": 0.8371833333333333, "best_epoch_validation_accuracy": 0.8312, "best_epoch_validation_loss": 0.3870624005794525}