{"training_loss": 0.07556310296058655, "validation_loss": 0.18190836906433105, "training_accuracy": 0.9756, "best_epoch_validation_accuracy": 0.9403333333333334, "best_epoch_validation_loss": 0.16911427676677704}