{"training_loss": 0.07214300334453583, "validation_loss": 0.18583187460899353, "training_accuracy": 0.9741333333333333, "best_epoch_validation_accuracy": 0.9523333333333334, "best_epoch_validation_loss": 0.18583187460899353}