{"training_loss": 0.44990113377571106, "validation_loss": 0.3132719397544861, "training_accuracy": 0.7861333333333334, "best_epoch_validation_accuracy": 0.8603333333333333, "best_epoch_validation_loss": 0.3132719397544861}