{"training_loss": 0.3975478708744049, "validation_loss": 0.43762722611427307, "training_accuracy": 0.8992, "best_epoch_validation_accuracy": 0.8413333333333334, "best_epoch_validation_loss": 0.43762722611427307}