{"training_loss": 0.46635156869888306, "validation_loss": 0.49707460403442383, "training_accuracy": 0.7938, "best_epoch_validation_accuracy": 0.7803333333333333, "best_epoch_validation_loss": 0.4915445148944855}