{"training_loss": 0.2932695746421814, "validation_loss": 0.547635018825531, "training_accuracy": 0.88, "best_epoch_validation_accuracy": 0.8883333333333333, "best_epoch_validation_loss": 0.3017914891242981}