{"training_loss": 0.3826878070831299, "validation_loss": 0.4263274073600769, "training_accuracy": 0.8734, "best_epoch_validation_accuracy": 0.817, "best_epoch_validation_loss": 0.4263274073600769}