{"training_loss": 0.4668247401714325, "validation_loss": 0.4969327449798584, "training_accuracy": 0.793, "best_epoch_validation_accuracy": 0.7806666666666666, "best_epoch_validation_loss": 0.48726800084114075}